{"stats":{"minecraft:custom":{"minecraft:jump":256,"minecraft:walk_one_cm":4452,"minecraft:time_since_rest":2557,"minecraft:leave_game":5,"minecraft:sprint_one_cm":35869,"minecraft:play_time":14113,"minecraft:crouch_one_cm":214,"minecraft:time_since_death":2533,"minecraft:deaths":4,"minecraft:sneak_time":219,"minecraft:total_world_time":14113,"minecraft:fly_one_cm":44385,"minecraft:fall_one_cm":20520,"minecraft:damage_taken":1170},"minecraft:picked_up":{"minecraft:allium":1,"minecraft:oak_log":4,"minecraft:azure_bluet":3,"minecraft:oak_sapling":1},"minecraft:crafted":{"minecraft:oak_planks":16},"minecraft:mined":{"minecraft:allium":1,"minecraft:oak_log":4,"minecraft:oak_leaves":19,"minecraft:azure_bluet":3},"minecraft:used":{"minecraft:oak_planks":4}},"DataVersion":3953}