{"stats":{"minecraft:picked_up":{"minecraft:allium":1,"minecraft:oak_log":4,"minecraft:azure_bluet":3,"minecraft:oak_sapling":1},"minecraft:mined":{"minecraft:allium":1,"minecraft:oak_log":4,"minecraft:oak_leaves":19,"minecraft:azure_bluet":3},"minecraft:custom":{"minecraft:jump":252,"minecraft:walk_one_cm":3650,"minecraft:time_since_rest":1273,"minecraft:leave_game":4,"minecraft:sprint_one_cm":34628,"minecraft:play_time":12829,"minecraft:crouch_one_cm":214,"minecraft:time_since_death":1249,"minecraft:deaths":4,"minecraft:sneak_time":219,"minecraft:total_world_time":12829,"minecraft:fly_one_cm":43704,"minecraft:fall_one_cm":20116,"minecraft:damage_taken":1150},"minecraft:used":{"minecraft:oak_planks":4},"minecraft:crafted":{"minecraft:oak_planks":16}},"DataVersion":3953}