{"stats":{"minecraft:crafted":{"minecraft:oak_planks":8},"minecraft:picked_up":{"minecraft:oak_log":2},"minecraft:mined":{"minecraft:oak_log":2,"minecraft:oak_leaves":11},"minecraft:custom":{"minecraft:jump":43,"minecraft:time_since_rest":657,"minecraft:leave_game":1,"minecraft:deaths":1,"minecraft:damage_taken":280,"minecraft:crouch_one_cm":119,"minecraft:sprint_one_cm":4138,"minecraft:play_time":1944,"minecraft:time_since_death":628,"minecraft:walk_one_cm":1342,"minecraft:sneak_time":90,"minecraft:total_world_time":1944,"minecraft:fall_one_cm":4054,"minecraft:fly_one_cm":5600}},"DataVersion":3953}